deviceName,time[sec],objectID,ioTaskID,taskPriority,taskDeadline
device34,19.35039311,ZX469,0,5,10.55
device23,19.97790189,O153,1,-1,-1
device31,20.44535928,ZX552,2,-1,-1
device11,20.57029526,ZX552,3,-1,-1
device98,21.13060997,O345,4,5,10.55
device55,21.77165729,O153,5,-1,-1
device521,22.34988487,ZX469,6,5,10.55
device3456,22.82640893,ZX552,7,5,20
device346,23.94200761,O153,8,5,20
device384,24.22060574,ZX469,9,-1,-1
device346,23.94200761,O153,8,,
device384,24.22060574,ZX469,9,,
